{"cameraMode":{"drawMode":0,"name":"Shaded","section":"Shading Mode"},"sceneLighting":false,"audioPlay":false,"sceneViewState":{"showFog":true,"showMaterialUpdate":false,"showSkybox":true,"showFlares":true,"showImageEffects":true,"showParticleSystems":true},"in2DMode":false,"pivot":{"x":25.361148834228517,"y":81.65087890625,"z":487.7078857421875},"rotation":{"x":0.12851424515247346,"y":0.8477579951286316,"z":-0.2383633404970169,"w":0.45627182722091677},"size":7.244753360748291,"orthographic":false}